SRA_Study	OrganismPart	Run
ERP000546	16 Tissues mixture	ERR030862,ERR030863,ERR030868,ERR030869,ERR030870,ERR030871,ERR030859,ERR030860,ERR030861,ERR030866,ERR030867,ERR030856,ERR030857,ERR030858,ERR030864,ERR030865
ERP000546	adipose	ERR030880,ERR030888
ERP000546	adrenal	ERR030881,ERR030889
ERP000546	brain	ERR030882,ERR030890
ERP000546	breast	ERR030883,ERR030891
ERP000546	colon	ERR030884,ERR030892
ERP000546	heart	ERR030886,ERR030894
ERP000546	kidney	ERR030885,ERR030893
ERP000546	liver	ERR030887,ERR030895
ERP000546	lung	ERR030879,ERR030896
ERP000546	lymph node	ERR030878,ERR030897
ERP000546	ovary	ERR030874,ERR030901
ERP000546	prostate	ERR030877,ERR030898
ERP000546	skeletal muscle	ERR030876,ERR030899
ERP000546	testes	ERR030873,ERR030902
ERP000546	thyroid	ERR030872,ERR030903
ERP000546	white blood cells	ERR030875,ERR030900
SRP056969	Adrenal gland	SRR1957124
SRP056969	Brain, Cerebellum	SRR1957125
SRP056969	Uterus	SRR1957209
SRP056969	Trachea	SRR1957208
SRP056969	Thyroid	SRR1957207
SRP056969	Thymus	SRR1957206
SRP056969	Stomach	SRR1957205
SRP056969	Small Intestine	SRR1957202
SRP056969	Spleen	SRR1957203
SRP056969	Skeletal Muscle	SRR1957201
SRP056969	Salivary Gland	SRR1957200
SRP056969	Prostate	SRR1957198
SRP056969	Placenta	SRR1957197
SRP056969	Lung	SRR1957195
SRP056969	Liver	SRR1957193
SRP056969	kidney	SRR1957192
SRP056969	Heart	SRR1957191
SRP056969	Liver, Fetal	SRR1957188
SRP056969	Brain, fetal	SRR1957186
SRP056969	Brain, whole	SRR1957183
ERP003613	salivary gland	ERR315325,ERR315382,ERR315420,ERR315418,ERR315459,ERR315449
ERP003613	lung	ERR315326,ERR315353,ERR315341,ERR315346,ERR315487,ERR315439,ERR315424,ERR315444
ERP003613	liver	ERR315327,ERR315414,ERR315394,ERR315463,ERR315451
ERP003613	heart	ERR315328,ERR315331,ERR315356,ERR315384,ERR315367,ERR315389,ERR315413,ERR315430,ERR315435
ERP003613	lymph node	ERR315329,ERR315373,ERR315393,ERR315387,ERR315371,ERR315390,ERR315426,ERR315471,ERR315475,ERR315488,ERR315440,ERR315493,ERR315441
ERP003613	prostate	ERR315330,ERR315359,ERR315354,ERR315340,ERR315410,ERR315407,ERR315365
ERP003613	adipose tissue	ERR315332,ERR315343,ERR315342,ERR315378,ERR315431
ERP003613	bone marrow	ERR315333,ERR315395,ERR315396,ERR315406,ERR315404,ERR315469,ERR315425,ERR315486
ERP003613	bladder	ERR315334,ERR315355,ERR315370,ERR315447,ERR315421,ERR315453
ERP003613	adrenal gland	ERR315335,ERR315392,ERR315385,ERR315452,ERR315417,ERR315450
ERP003613	placenta	ERR315336,ERR315377,ERR315374,ERR315375,ERR315399,ERR315476,ERR315478
ERP003613	thyroid	ERR315337,ERR315358,ERR315363,ERR315397,ERR315412,ERR315428,ERR315491,ERR315422,ERR315483
ERP003613	colon	ERR315348,ERR315357,ERR315403,ERR315400,ERR315462,ERR315484
ERP003613	skin	ERR315339,ERR315401,ERR315372,ERR315376,ERR315460,ERR315464
ERP003613	testis	ERR315351,ERR315352,ERR315350,ERR315391,ERR315415,ERR315446,ERR315456,ERR315492
ERP003613	gall bladder	ERR315349,ERR315360,ERR315347,ERR315427,ERR315474,ERR315480,ERR315470
ERP003613	esophagus	ERR315362,ERR315398,ERR315411,ERR315434,ERR315472,ERR315489
ERP003613	appendix	ERR315345,ERR315366,ERR315465,ERR315437,ERR315481,ERR315454
ERP003613	small intestine	ERR315344,ERR315409,ERR315381,ERR315388,ERR315408,ERR315364,ERR315419,ERR315423
ERP003613	endometrium	ERR315361,ERR315368,ERR315386,ERR315433,ERR315490,ERR315495,ERR315438
ERP003613	spleen	ERR315338,ERR315405,ERR315416,ERR315473,ERR315448
ERP003613	animal ovary	ERR315402,ERR315380,ERR315458,ERR315482
ERP003613	stomach	ERR315369,ERR315379,ERR315485,ERR315467
ERP003613	kidney	ERR315383,ERR315468,ERR315443,ERR315494
ERP003613	duodenum	ERR315442,ERR315445,ERR315457,ERR315461
ERP003613	pancreas	ERR315466,ERR315479,ERR315429,ERR315436
ERP003613	cerebral cortex	ERR315455,ERR315477,ERR315432
SRP051249	Heart	SRR1721284,SRR1721287,SRR1721290,SRR1721286,SRR1721288,SRR1721285,SRR1721289
SRP051249	Intestine	SRR1721292,SRR1721293,SRR1721291,SRR1721297,SRR1721296,SRR1721294,SRR1721295
SRP051249	Adrenal	SRR1721282,SRR1721279,SRR1721280,SRR1721281,SRR1721283
SRP051249	Stomach	SRR1721313,SRR1721310,SRR1721308,SRR1721309,SRR1721307,SRR1721312,SRR1721311
SRP051249	Lung	SRR1721301,SRR1721305,SRR1721302,SRR1721303,SRR1721304,SRR1721306
SRP051249	Kidney	SRR1721299,SRR1721300,SRR1721298
SRP003754	GM12878	SRR068172,SRR068173,SRR068177,SRR446392,SRR446393,SRR446394,SRR446395,SRR446400,SRR446401,SRR527657,SRR527658,SRR527677,SRR527678
SRP003754	K562	SRR068174,SRR068175,SRR068176,SRR068178,SRR446396,SRR446397,SRR446398,SRR446399,SRR446388,SRR446389,SRR446390,SRR446391,SRR446404,SRR446405,SRR446402,SRR446403
SRP003754	HeLa-S3	SRR446301,SRR446302,SRR446319,SRR446320,SRR446321,SRR446322
SRP003754	SK-N-SH_RA	SRR446303,SRR446304
SRP003754	H1-hESC	SRR446305,SRR446306,SRR446307,SRR446308
SRP003754	AG04450	SRR446309,SRR446310
SRP003754	HUVEC	SRR446311,SRR446312
SRP003754	NHEK	SRR446313,SRR446314,SRR446317,SRR446318,SRR446337,SRR446338
SRP003754	BJ	SRR446315,SRR446316
SRP003754	MCF-7	SRR446323,SRR446324,SRR446325,SRR446326,SRR527605,SRR527606,SRR527613,SRR527614,SRR527623,SRR527624,SRR527625,SRR527626,SRR527635,SRR527636,SRR527641,SRR527642
SRP003754	HepG2	SRR446327,SRR446328,SRR446333,SRR446334,SRR446335,SRR446336
SRP003754	A549	SRR446329,SRR446330,SRR446331,SRR446332,SRR527584,SRR527585,SRR527589,SRR527590,SRR527597,SRR527598,SRR527599,SRR527600,SRR527609,SRR527610,SRR527627,SRR527628,SRR527629,SRR527630,SRR527631,SRR527632
SRP003754	CD34+_Mobilized	SRR527586
SRP003754	SK-N-SH	SRR527587,SRR527588,SRR527591,SRR527592,SRR527593,SRR527594,SRR527595,SRR527596,SRR527611,SRR527612,SRR527615,SRR527616,SRR527637,SRR527638,SRR527639,SRR527640,SRR527645,SRR527646
SRP003754	IMR90	SRR527601,SRR527602,SRR527603,SRR527604,SRR527607,SRR527608,SRR527617,SRR527618,SRR527619,SRR527620,SRR527621,SRR527622,SRR527633,SRR527634,SRR527643,SRR527644,SRR527647,SRR527648
SRP003754	hMSC-BM	SRR527649,SRR527650
SRP003754	H1-neurons	SRR527651,SRR527652,SRR527653,SRR527654,SRR527655,SRR527656
SRP003754	HVMF	SRR527659,SRR527660
SRP003754	NHDF	SRR527661,SRR527662
SRP003754	HAoAF	SRR527663,SRR527664
SRP003754	HOB	SRR527665,SRR527666
SRP003754	HCH	SRR527667,SRR527668
SRP003754	HFDPC	SRR527669,SRR527670
SRP003754	SkMC	SRR527671,SRR527672
SRP003754	HAoEC	SRR527673,SRR527674
SRP003754	hMSC-AT	SRR527675,SRR527676
SRP003754	CD20+	SRR527679,SRR527680
SRP003754	Monocytes-CD14+	SRR527681,SRR527682
SRP003754	NHEM.f_M2	SRR527683,SRR527684
SRP003754	HWP	SRR527685,SRR527686
SRP003754	NHEM_M2	SRR527687,SRR527688
SRP003754	hMSC-UC	SRR527689,SRR527690
SRP003754	HPC-PL	SRR527691,SRR527692
SRP003754	HMEpC	SRR527693
SRP003754	HSaVEC	SRR527694,SRR527695
SRP003754	HPIEpC	SRR527696,SRR527697
SRP007461	GM12878	SRR307897,SRR307898,SRR307899,SRR307900,SRR307921,SRR307922,SRR315297,SRR315298,SRR317058,SRR317059,SRR317060,SRR317061,SRR768411,SRR768412,SRR545687,SRR545688
SRP007461	AG04450	SRR307901,SRR307902,SRR315317,SRR315318
SRP007461	BJ	SRR307903,SRR307904,SRR317064,SRR317065
SRP007461	HUVEC	SRR307905,SRR307906,SRR307909,SRR307910,SRR307917,SRR307918,SRR317036,SRR317066,SRR317067,SRR317068,SRR317069
SRP007461	A549	SRR307907,SRR307908,SRR317062,SRR317063,SRR534295,SRR534296,SRR534297,SRR534298
SRP007461	H1-hESC	SRR307911,SRR307912,SRR307919,SRR307923,SRR307924,SRR307925,SRR317039,SRR317040
SRP007461	HepG2	SRR307913,SRR307914,SRR307915,SRR307916,SRR307926,SRR307927,SRR307928,SRR307929,SRR317037,SRR317038,SRR317054,SRR317055
SRP007461	HMEC	SRR307920,SRR315319
SRP007461	K562	SRR307930,SRR307931,SRR315299,SRR315300,SRR315305,SRR315306,SRR315309,SRR315310,SRR315311,SRR315312,SRR315336,SRR315337,SRR317042,SRR317043,SRR317052,SRR317053,SRR387661,SRR387662,SRR768413,SRR768414
SRP007461	HSMM	SRR307932,SRR307933,SRR315307,SRR315308
SRP007461	MCF-7	SRR315301,SRR315302,SRR317056,SRR317057,SRR534293,SRR534294,SRR534307,SRR534308
SRP007461	NHLF	SRR315303,SRR315304,SRR315313,SRR315314
SRP007461	SK-N-SH_RA	SRR315315,SRR315316,SRR317044,SRR317045
SRP007461	NHEK	SRR315320,SRR315321,SRR315322,SRR315323,SRR315324,SRR315325,SRR315326,SRR315327,SRR315328,SRR315329,SRR317041,SRR317046,SRR317047
SRP007461	HeLa-S3	SRR315330,SRR315331,SRR315332,SRR315333,SRR315334,SRR315335,SRR317035,SRR317048,SRR317049,SRR317050,SRR317051
SRP007461	IMR90	SRR534289,SRR534290,SRR534291,SRR534292,SRR534299,SRR534300,SRR534301,SRR534302
SRP007461	SK-N-SH	SRR534303,SRR534304,SRR534305,SRR534306,SRR534309,SRR534310
SRP007461	CD20+	SRR534311,SRR534312,SRR534313,SRR534314,SRR534315,SRR534316,SRR534319,SRR534320,SRR534321,SRR534322,SRR534323,SRR534324
SRP007461	HPC-PL	SRR534317,SRR534318
SRP007461	CD34+_Mobilized	SRR534325
SRP007461	HFDPC	SRR534326,SRR534327
SRP007461	Monocytes-CD14+	SRR534328,SRR534329,SRR534330,SRR534331,SRR534332,SRR534333,SRR545695,SRR545696,SRR545697,SRR545698,SRR545699,SRR545700
SRP007461	hMSC-AT	SRR534334,SRR534335
SRP007461	HPIEpC	SRR545685,SRR545686
SRP007461	hMNC-PB	SRR545689,SRR545690
SRP007461	hMSC-UC	SRR545691,SRR545692
SRP007461	hMSC-BM	SRR545693,SRR545694
SRP007461	HOB	SRR545701,SRR545702
SRP007461	HCH	SRR545703,SRR545704
SRP007461	NHDF	SRR545705,SRR545706
SRP007461	HSaVEC	SRR545707,SRR545708
SRP007461	HAoAF	SRR545709,SRR545710
SRP007461	SkMC	SRR545711,SRR545712
SRP007461	NHEM.f_M2	SRR545713,SRR545714
SRP007461	NHEM_M2	SRR545715,SRR545716
SRP007461	HAoEC	SRR545717,SRR545718
SRP007461	HVMF	SRR545719,SRR545720
SRP007461	HWP	SRR545721,SRR545722
SRP007461	HMEpC	SRR545723
SRP009266	HUVEC	SRR363855,SRR575167
SRP009266	prostate	SRR363856
SRP009266	K562	SRR363857,SRR363860,SRR363862,SRR363863,SRR363874,SRR363875
SRP009266	NHEK	SRR363858,SRR363859
SRP009266	HepG2	SRR363861,SRR363868
SRP009266	H1-hESC	SRR363869
SRP009266	HeLa-S3	SRR363870,SRR575166
SRP009266	GM12878	SRR363871,SRR576703
SRP009266	A549	SRR575142,SRR575143,SRR575144,SRR575145,SRR575156,SRR575157
SRP009266	MCF-7	SRR575146,SRR575147,SRR575148,SRR575149,SRR575162,SRR575163
SRP009266	SK-N-SH	SRR575150,SRR575151,SRR575152,SRR575153,SRR575158,SRR575159
SRP009266	IMR90	SRR575154,SRR575155,SRR575160,SRR575161,SRR575164,SRR575165
SRP009862	HUVEC	SRR390470,SRR390471,SRR390472,SRR390473,SRR390475,SRR390476,SRR390515
SRP009862	H1-hESC	SRR390474,SRR390520,SRR390521,SRR390522,SRR390523
SRP009862	BJ	SRR390477,SRR390478
SRP009862	HeLa-S3	SRR390480,SRR390481,SRR390482,SRR390483,SRR390499,SRR390500,SRR390528,SRR390532
SRP009862	K562	SRR390484,SRR390485,SRR390491,SRR390492,SRR390493,SRR390494,SRR390495,SRR390496,SRR390497,SRR390518,SRR390519,SRR390536,SRR390537
SRP009862	HepG2	SRR390486,SRR390487,SRR390488,SRR390489,SRR390501,SRR390502,SRR390503,SRR390504,SRR390516
SRP009862	prostate	SRR390490
SRP009862	GM12878	SRR390498,SRR390507,SRR390508,SRR390509,SRR390510,SRR390511,SRR390512,SRR390513,SRR390514,SRR390517,SRR390542,SRR390543,SRR390544,SRR390545
SRP009862	NHEK	SRR390505,SRR390506,SRR390529,SRR390538,SRR390539,SRR390540,SRR390541
SRP009862	AG04450	SRR390524,SRR390525
SRP009862	A549	SRR390526,SRR390527
SRP009862	SK-N-SH_RA	SRR390530,SRR390531
SRP009862	MCF-7	SRR390533,SRR390534,SRR390535
SRP012557	A549	SRR492018,SRR492019,SRR492022,SRR492023,SRR492032,SRR492033,SRR492034,SRR492035,SRR492048,SRR492049,SRR492050,SRR492051,SRR492054,SRR492055
SRP012557	SK-N-SH	SRR492020,SRR492021
SRP012557	PANC-1	SRR492024,SRR492025
SRP012557	ECC-1	SRR492026,SRR492027,SRR492028,SRR492029,SRR492036,SRR492037,SRR492038,SRR492039
SRP012557	Jurkat	SRR492030,SRR492031
SRP012557	T-47D	SRR492040,SRR492041,SRR492042,SRR492043,SRR492046,SRR492047,SRR492056,SRR492057
SRP012557	PFSK-1	SRR492044,SRR492045
SRP012557	BE2_C	SRR492052,SRR492053
SRP012557	U87	SRR492058,SRR492059
SRP014320	GM12878	SRR521447,SRR521448,SRR521449,SRR521450,SRR521451,SRR521452,SRR521453,SRR521454,SRR521455,SRR521466,SRR521467,SRR521456,SRR521510,SRR521511,SRR521512
SRP014320	K562	SRR521457,SRR521458,SRR521459,SRR521460,SRR521461,SRR521462,SRR521463,SRR521464,SRR521465,SRR521468,SRR534174,SRR534175
SRP014320	HepG2	SRR521470,SRR521471,SRR521472,SRR521473,SRR521474,SRR521475,SRR521476,SRR521507,SRR521508
SRP014320	H1-hESC	SRR521477,SRR521478,SRR521479,SRR521480,SRR521481,SRR521482,SRR521483,SRR521484,SRR521501,SRR521502,SRR521513,SRR521514,SRR521515
SRP014320	HUVEC	SRR521485,SRR521486,SRR521487,SRR521488,SRR521489,SRR521503,SRR521504
SRP014320	HeLa-S3	SRR521490,SRR521491,SRR521492,SRR521505,SRR521506,SRR521493,SRR521494,SRR521495
SRP014320	NHEK	SRR521509,SRR521496,SRR521497,SRR521498,SRR521499,SRR521500
SRP014320	HSMM	SRR521516,SRR521517,SRR521518,SRR521519
SRP014320	MCF-7	SRR521520,SRR521521,SRR521522,SRR521523,SRR521524,SRR521525,SRR521526
SRP014320	NHLF	SRR521527,SRR521528,SRR521529,SRR521530
SRP014320	GM12891	SRR521531,SRR521532,SRR521533
SRP014320	GM12892	SRR521534,SRR521535,SRR521536,SRR521537
SRP014320	HCT-116	SRR521538,SRR521539,SRR521540,SRR521541,SRR521542,SRR521543
SRP014320	LHCN-M2	SRR521544,SRR521545,SRR521546,SRR521547,SRR521548,SRR521549
